Ratio,Mean,Max,Min,Std,Range,Temp,Time,Season,Lag-1_Ratio,Lag+1_Ratio
0.2916155,437602.4125,471791.2549999996,403413.5700000004,34188.84249999959,68377.68499999918,15.0,6,1,0.5068783,0.1188131
0.1188131,178292.59049999985,210867.16199999984,145718.01899999985,32574.57149999999,65149.14299999998,15.5,7,1,0.2916155,0.2281411
0.2281411,375887.0744999995,411026.7249999985,340747.42400000046,35139.65049999903,70279.30099999806,15.5,8,1,0.1188131,0.1503966
0.1503966,252967.52399999986,281994.8299999999,223940.21799999982,29027.30600000004,58054.61200000008,16.5,9,1,0.2281411,0.1776725
0.1776725,319073.9735000003,380877.2470000006,257270.69999999995,61803.27350000033,123606.54700000066,15.5,10,1,0.1503966,0.1026783
0.1026783,184395.32349999997,221778.25900000005,147012.3879999999,37382.93550000008,74765.87100000016,16.0,11,1,0.1776725,0.0488281
0.0488281,145609.3789999999,150580.51600000015,140638.24199999968,4971.137000000235,9942.27400000047,17.0,12,1,0.1026783,0.0631561
0.0631561,188336.6639999996,205702.56899999976,170970.75899999947,17365.905000000144,34731.81000000029,17.0,13,1,0.0488281,0.0431067
0.0431067,128547.85150000028,140859.2870000002,116236.41600000039,12311.435499999898,24622.870999999795,13.25,14,1,0.0631561,0.0916047
0.0916047,186112.88900000014,233152.26500000007,139073.5130000002,47039.37599999993,94078.75199999986,12.5,15,1,0.0431067,0.0551908
0.0551908,138213.024,162234.63199999987,114191.41600000016,24021.607999999855,48043.21599999971,13.0,16,1,0.0916047,0.1575442
0.1575442,394534.47750000015,642228.8820000001,146840.07300000015,247694.40449999998,495388.80899999995,13.0,17,1,0.0551908,0.1803916
0.1803916,451750.958,628475.5850000001,275026.33099999983,176724.62700000012,353449.25400000025,12.5,18,1,0.1575442,0.0532581
0.0532581,166804.41300000006,184103.74600000028,149505.07999999987,17299.333000000202,34598.666000000405,12.0,19,1,0.1803916,0.1427436
0.1427436,447073.47600000026,524307.1700000003,369839.7820000003,77233.69399999999,154467.38799999998,11.0,20,1,0.0532581,0.1606922
0.1606922,503288.53800000047,540702.9240000002,465874.1520000007,37414.385999999766,74828.77199999953,10.5,21,1,0.1427436,0.1461385
0.1656348,248554.00249999968,259428.0629999997,237679.94199999966,10874.060500000021,21748.121000000043,14.5,6,1,0.2986712,0.2171984
0.2171984,325931.0580000001,406176.27000000025,245685.84599999984,80245.2120000002,160490.4240000004,15.5,7,1,0.1656348,0.1682669
0.1682669,277237.9610000001,301147.7190000001,253328.20300000015,23909.757999999973,47819.515999999945,16.5,8,1,0.2171984,0.6460345
0.6460345,1086631.6395000017,1397280.6230000025,775982.6560000008,310648.98350000085,621297.9670000017,18.0,9,1,0.1682669,0.7896172
0.7896172,1469548.7915000012,1534478.1570000006,1404619.4260000018,64929.365499999374,129858.73099999875,19.0,10,1,0.6460345,0.6669798
0.6669798,1241309.4384999988,2251868.3979999973,230750.47900000005,1010558.9594999986,2021117.9189999972,19.75,11,1,0.7896172,0.1196899
0.1196899,356925.22499999905,393306.5569999985,320543.8929999996,36381.33199999947,72762.66399999894,19.5,12,1,0.6669798,0.3324282
0.3324282,991328.5320000015,1668883.504000003,313773.56000000006,677554.9720000015,1355109.944000003,20.0,13,1,0.1196899,0.112421
0.112421,335248.7590000001,385550.2260000002,284947.2919999999,50301.46700000015,100602.9340000003,21.0,14,1,0.3324282,0.1043559
0.1043559,212019.44050000003,239996.26399999994,184042.6170000001,27976.823499999926,55953.64699999985,20.0,15,1,0.112421,0.054107
0.054107,135498.98699999985,144512.64799999996,126485.32599999977,9013.661000000095,18027.32200000019,19.5,16,1,0.1043559,0.3776316
0.3776316,945694.8314999987,948462.6419999975,942927.021,2767.810499998799,5535.620999997598,18.5,17,1,0.054107,0.5102785
0.5102785,1277879.5014999982,1296136.250000001,1259622.7529999954,18256.74850000278,36513.49700000556,16.0,18,1,0.3776316,0.1821106
0.1821106,570370.8289999993,682391.5229999983,458350.1350000004,112020.69399999894,224041.38799999788,13.5,19,1,0.5102785,0.1578498
0.1578498,494385.90650000016,808303.7820000001,180468.03100000013,313917.8755,627835.7509999999,14.5,20,1,0.1821106,0.9315858
0.9315858,2917729.0384999993,3053184.683999999,2782273.3929999997,135455.64549999963,270911.29099999927,13.0,21,1,0.1578498,0.5241924
0.1910958,286761.1295000003,431364.9520000007,142157.30699999986,144603.82250000042,289207.64500000083,18.0,6,1,0.7716316,0.345386
0.345386,518291.1669999992,564535.6979999993,472046.6359999992,46244.531000000046,92489.06200000009,19.5,7,1,0.1910958,0.1333276
0.1333276,219671.62999999983,240552.33599999986,198790.92399999982,20880.70600000002,41761.41200000004,20.0,8,1,0.345386,0.145417
0.145417,244591.70599999983,261689.46200000006,227493.94999999958,17097.75600000024,34195.51200000048,21.0,9,1,0.1333276,0.0808659
0.0808659,150498.6495,157855.1519999999,143142.14700000008,7356.502499999915,14713.00499999983,21.5,10,1,0.145417,0.257656
0.257656,479520.97400000045,739851.1300000009,219190.81799999997,260330.15600000048,520660.31200000097,22.0,11,1,0.0808659,0.2400789
0.2400789,715935.3839999998,859834.3739999996,572036.3940000001,143898.98999999976,287797.9799999995,22.5,12,1,0.257656,0.1459079
0.1459079,435109.62700000015,701048.1359999998,169171.11800000045,265938.50899999967,531877.0179999993,22.5,13,1,0.2400789,0.0503507
0.0503507,150150.00700000027,152810.6220000004,147489.39200000017,2660.6150000001217,5321.230000000243,22.5,14,1,0.1459079,0.1017091
0.1017091,206642.05200000005,221768.23900000003,191515.86500000008,15126.186999999976,30252.373999999953,22.0,15,1,0.0503507,0.0660572
0.0660572,165425.55050000024,179929.5060000002,150921.59500000032,14503.955499999938,29007.910999999876,21.5,16,1,0.1017091,0.6119931
0.6119931,1532601.2995000016,1691799.7160000035,1373402.8829999997,159198.4165000019,318396.8330000038,20.5,17,1,0.0660572,0.5283884
0.5283884,1323231.7190000003,1435445.6839999997,1211017.754000001,112213.96499999939,224427.92999999877,18.5,18,1,0.6119931,0.1308143
0.1308143,409710.7334999998,468330.78200000006,351090.68499999953,58620.048500000266,117240.09700000053,18.0,19,1,0.5283884,0.0699891
0.0699891,219206.10649999997,276980.76700000005,161431.44599999988,57774.660500000085,115549.32100000017,16.75,20,1,0.1308143,0.8167405
0.8167405,2558033.5239999993,2854251.899999999,2261815.148,296218.37599999947,592436.7519999989,16.0,21,1,0.0699891,0.7420963
0.115508,173332.97399999978,224147.77599999952,122518.17200000005,50814.801999999734,101629.60399999947,17.5,6,1,0.4127198,0.242577
0.242577,364014.54950000014,437812.50500000006,290216.5940000002,73797.95549999992,147595.91099999985,19.5,7,1,0.115508,0.149377
0.149377,246114.73449999985,267444.27600000007,224785.1929999996,21329.54150000024,42659.08300000048,21.5,8,1,0.242577,0.1069604
0.1069604,179907.63200000022,202961.58400000024,156853.6800000002,23053.95200000002,46107.90400000004,22.5,9,1,0.149377,0.1126921
0.1126921,209730.2330000001,213420.2719999998,206040.1940000004,3690.0389999996987,7380.077999999397,24.0,10,1,0.1069604,0.6191173
0.6191173,1152233.1229999994,2179030.2759999987,125435.97000000006,1026797.1529999992,2053594.3059999987,24.5,11,1,0.1126921,0.0983654
0.0983654,293333.8775000003,426659.4860000005,160008.26900000003,133325.60850000023,266651.21700000047,26.0,12,1,0.6191173,0.0841562
0.0841562,250960.77000000008,326469.3729999997,175452.1670000005,75508.60299999958,151017.20599999916,27.0,13,1,0.0983654,0.0433342
0.0433342,129226.30049999984,135954.90599999973,122497.69499999993,6728.605499999896,13457.210999999792,27.0,14,1,0.0841562,0.1081906
0.1081906,219810.41999999995,224147.32200000007,215473.51799999984,4336.902000000118,8673.804000000237,26.0,15,1,0.0433342,0.0826746
0.0826746,207040.22950000048,224018.86300000042,190061.59600000054,16978.633499999938,33957.266999999876,26.0,16,1,0.1081906,0.4165472
0.4165472,1043150.2185000004,1121428.4960000021,964871.9409999988,78278.27750000166,156556.5550000033,26.0,17,1,0.0826746,0.1153193
0.1153193,288791.6819999998,366041.18999999936,211542.17400000023,77249.50799999957,154499.01599999913,23.0,18,1,0.4165472,0.0791443
0.0791443,247880.04649999965,355892.07999999955,139868.01299999972,108012.03349999992,216024.06699999984,21.0,19,1,0.1153193,0.1042755
0.1042755,326591.1704999999,459901.885,193280.45599999974,133310.71450000012,266621.42900000024,18.5,20,1,0.0791443,0.0834187
0.0834187,261267.58150000003,327614.035,194921.12800000006,66346.45349999996,132692.90699999992,17.5,21,1,0.1042755,0.65864
0.1690074,253614.9555000002,302205.92700000043,205023.98399999994,48590.97150000025,97181.9430000005,16.5,6,1,0.1617595,0.2619564
0.2619564,393095.54099999974,574587.9929999998,211603.08899999972,181492.45200000002,362984.9040000001,17.5,7,1,0.1690074,0.2514245
0.2514245,414249.1435000002,491172.4830000003,337325.80400000006,76923.33950000012,153846.67900000024,18.5,8,1,0.2619564,0.1846738
0.1846738,310621.8034999996,349411.6139999994,271831.99299999967,38789.810499999876,77579.62099999975,20.0,9,1,0.2514245,0.0977108
0.0977108,181954.30949999974,190023.50699999966,173885.11199999982,8069.197499999922,16138.394999999844,20.5,10,1,0.1846738,0.2858415
0.2858415,532286.0434999997,857249.1389999987,207322.9480000007,324963.095499999,649926.190999998,19.0,11,1,0.0977108,0.1470472
0.1470472,438507.02400000044,611998.9280000014,265015.11999999953,173491.9040000009,346983.8080000018,20.0,12,1,0.2858415,0.0712164
0.0712164,212373.29299999992,274079.1840000001,150667.4019999997,61705.89100000021,123411.78200000041,19.5,13,1,0.1470472,0.0398132
0.0398132,118726.19349999996,122074.41199999991,115377.97500000003,3348.218499999937,6696.436999999874,20.0,14,1,0.0712164,0.0950215
0.0950215,193054.76699999985,218773.66399999996,167335.86999999973,25718.897000000114,51437.79400000023,19.0,15,1,0.0398132,0.0504366
0.0504366,126307.19549999999,138436.95200000002,114177.43899999995,12129.756500000032,24259.513000000064,16.5,16,1,0.0950215,0.0733599
0.0733599,183713.5295,204404.1640000001,163022.89499999987,20690.634500000117,41381.26900000023,14.5,17,1,0.0504366,0.0794124
0.0794124,198870.87149999972,262056.20099999974,135685.5419999997,63185.32950000002,126370.65900000004,14.0,18,1,0.0733599,0.1124048
0.1124048,352052.2580000004,391377.7050000003,312726.8110000005,39325.4469999999,78650.8939999998,13.5,19,1,0.0794124,0.0549642
0.0549642,172148.16199999995,191812.18300000014,152484.1409999998,19664.021000000168,39328.042000000336,13.0,20,1,0.1124048,0.0559228
0.0559228,175150.22700000013,233490.94900000023,116809.50500000002,58340.7220000001,116681.4440000002,13.0,21,1,0.0549642,0.0474386
0.1369791,205552.8055000003,233330.10000000027,177775.51100000032,27777.294499999975,55554.58899999995,14.0,6,1,0.1225268,0.1722585
0.1722585,258493.51899999988,279689.97500000044,237297.06299999933,21196.45600000056,42392.91200000112,14.5,7,1,0.1369791,0.3872747
0.3872747,638076.9325000001,780194.0630000002,495959.8019999999,142117.13050000014,284234.2610000003,15.5,8,1,0.1722585,0.9795515
0.9795515,1647608.211999999,1712572.6549999963,1582643.7690000015,64964.44299999741,129928.88599999482,16.0,9,1,0.3872747,0.4880289
0.4880289,908793.8432500002,1481961.9357,335625.7508000002,573168.0924499999,1146336.1848999998,16.5,10,1,0.9795515,0.7934678
0.7934678,1477573.726,2717660.643,237486.80899999983,1240086.9170000001,2480173.8340000003,17.0,11,1,0.4880289,0.095055
0.095055,194000.9679999999,194894.27699999997,193107.65899999984,893.3090000000666,1786.6180000001332,16.0,12,1,0.7934678,0.0794355
0.0794355,162122.65999999992,191723.33000000002,132521.98999999982,29600.6700000001,59201.3400000002,16.0,13,1,0.095055,0.0987797
0.0987797,201602.84200000035,209508.34500000058,193697.33900000015,7905.503000000215,15811.00600000043,17.0,14,1,0.0794355,0.1621566
0.1621566,239242.97950000004,254121.92000000022,224364.03899999987,14878.940500000172,29757.881000000343,14.5,15,1,0.0987797,0.122
0.122,224655.77299999958,239609.93299999947,209701.61299999966,14954.159999999902,29908.319999999803,15.0,16,1,0.1621566,0.0997938
0.0997938,206284.1015,213619.23700000026,198948.96599999975,7335.135500000251,14670.271000000503,16.0,17,1,0.122,0.0765606
0.0765606,158258.67400000006,195562.04999999993,120955.29800000018,37303.37599999987,74606.75199999975,15.5,18,1,0.0997938,0.0440916
0.0440916,138095.16149999993,145862.4499999999,130327.87299999996,7767.288499999966,15534.576999999932,14.5,19,1,0.0765606,0.0731432
0.0731432,229084.63749999995,240046.3069999998,218122.9680000001,10961.669499999844,21923.338999999687,13.0,20,1,0.0440916,0.0741739
0.0741739,232312.7414999999,259970.71499999982,204654.76799999995,27657.973499999935,55315.94699999987,12.5,21,1,0.0731432,0.0450623
0.1662236,249437.5594999995,369196.8989999991,129678.21999999988,119759.33949999961,239518.67899999922,10.0,6,1,0.2835406,0.2424277
0.2424277,363790.53299999936,551992.7919999989,175588.2739999998,188202.2589999995,376404.51799999905,11.0,7,1,0.1662236,0.6096792
0.6096792,1004512.5355000007,1608178.4320000007,400846.6390000006,603665.8965,1207331.793,13.0,8,1,0.2424277,0.6658538
0.6658538,1119967.8454999982,1443303.0139999965,796632.6769999999,323335.1684999983,646670.3369999966,15.0,9,1,0.6096792,0.4810418
0.4810418,993330.1340000004,1652754.3660000009,333905.90200000006,659424.2320000003,1318848.4640000009,15.5,10,1,0.6658538,0.1253011
0.1253011,258741.2560000003,370653.1140000006,146829.39800000004,111911.85800000027,223823.71600000054,16.5,11,1,0.4810418,0.0891126
0.0891126,184013.60600000032,218794.9350000005,149232.27700000012,34781.32900000019,69562.65800000037,18.5,12,1,0.1253011,0.0783443
0.0783443,159895.71100000018,169076.4420000002,150714.98000000016,9180.731000000029,18361.462000000058,18.0,13,1,0.0891126,0.0740794
0.0740794,151191.14,164251.464,138130.81600000005,13060.323999999979,26120.647999999957,20.0,14,1,0.0783443,0.1292946
0.1292946,190758.87800000017,231571.8150000001,149945.94100000025,40812.93699999992,81625.87399999984,19.5,15,1,0.0740794,0.0816155
0.0816155,133610.69200000004,141341.3090000001,125880.07499999997,7730.617000000064,15461.234000000128,20.0,16,1,0.1292946,0.1012732
0.1012732,209342.05500000008,230085.28400000033,188598.82599999983,20743.229000000254,41486.45800000051,20.0,17,1,0.0816155,1.0
1.0,2067102.777999999,2517767.579999997,1616437.976000001,450664.80199999793,901329.6039999959,19.0,18,1,0.1012732,0.1284937
0.1284937,402442.6829999996,639997.6279999994,164887.73799999975,237554.94499999983,475109.88999999966,18.5,19,1,1.0,0.1317414
0.1317414,412614.3109999999,467375.4009999999,357853.22099999996,54761.08999999997,109522.17999999993,16.5,20,1,0.1284937,0.1775861
0.1775861,556200.1044999994,573552.6709999995,538847.5379999992,17352.56650000013,34705.13300000026,16.0,21,1,0.1317414,0.1133297
0.1579626,237040.95749999984,264452.63499999954,209629.28000000012,27411.677499999714,54823.35499999943,10.5,6,1,0.1151492,0.5754241
0.5754241,863489.7060000006,1478504.129000001,248475.28300000026,615014.4230000003,1230028.8460000006,12.25,7,1,0.1579626,0.8817893
0.8817893,1452843.3565000007,1718855.8020000004,1186830.9110000008,266012.4454999998,532024.8909999996,13.5,8,1,0.5754241,0.5795459
0.5795459,974797.6754999984,1632214.347999997,317381.00299999985,657416.6724999986,1314833.3449999972,16.0,9,1,0.8817893,0.5723178
0.5723178,1181811.1385000001,2169142.1330000004,194480.14399999994,987330.9945000001,1974661.9890000005,17.0,10,1,0.5795459,0.8696819
0.8696819,1795854.8475000025,2866820.829000003,724888.8660000016,1070965.9815000007,2141931.9630000014,18.0,11,1,0.5723178,0.4985635
0.4985635,1029511.6729999994,1666094.4949999996,392928.85099999915,636582.8220000002,1273165.6440000006,19.0,12,1,0.8696819,0.6775171
0.6775171,1382768.2859999994,2103827.2379999985,661709.3340000005,721058.951999999,1442117.903999998,20.5,13,1,0.4985635,0.4074174
0.4074174,831512.307500002,1452989.9020000037,210034.71300000013,621477.5945000018,1242955.1890000035,21.5,14,1,0.6775171,0.1347878
0.1347878,198863.49950000003,220440.06700000042,177286.93199999965,21576.567500000383,43153.135000000766,22.0,15,1,0.4074174,0.1039271
0.1039271,170136.49449999997,208430.38199999978,131842.6070000002,38293.88749999979,76587.77499999959,22.5,16,1,0.1347878,0.7479441
0.7479441,1546077.379000005,2903669.80200001,188484.95600000027,1357592.4230000048,2715184.8460000097,23.0,17,1,0.1039271,0.7425753
0.7425753,1534979.4209999968,1586099.4859999951,1483859.3559999987,51120.0649999982,102240.1299999964,22.5,18,1,0.7479441,0.067844
0.067844,212487.45850000018,243414.74500000026,181560.1720000001,30927.286500000075,61854.57300000015,22.0,19,1,0.7425753,0.1525921
0.1525921,477918.94799999933,631031.2679999992,324806.62799999944,153112.3199999999,306224.6399999998,21.0,20,1,0.067844,0.1075805
0.1075805,336942.33700000023,362589.2569999997,311295.4170000008,25646.91999999946,51293.83999999892,20.0,21,1,0.1525921,0.092031
0.0958463,143828.32299999997,156668.80799999987,130987.83800000008,12840.484999999899,25680.969999999797,11.25,6,1,0.1400805,1.0
1.0,1500614.405499999,1771292.2359999989,1229936.574999999,270677.8304999999,541355.6609999998,12.5,7,1,0.0958463,0.321151
0.321151,529131.0709999994,556375.5929999993,501886.54899999953,27244.52199999988,54489.04399999976,15.5,8,1,1.0,0.1898145
0.1898145,319268.54650000005,371765.5530000003,266771.53999999975,52497.00650000028,104994.01300000056,18.25,9,1,0.321151,0.7400077
0.7400077,1528083.2640000007,1630142.7109999985,1426023.8170000028,102059.44699999783,204118.89399999566,19.5,10,1,0.1898145,0.4067381
0.4067381,839896.3525000004,1269333.7480000004,410458.95700000046,429437.3954999999,858874.791,21.0,11,1,0.7400077,0.0949013
0.0949013,195966.9430000002,222591.59300000026,169342.29300000018,26624.650000000038,53249.300000000076,22.5,12,1,0.4067381,0.0586194
0.0586194,119638.46,121868.23100000003,117408.68899999998,2229.7710000000225,4459.542000000045,23.5,13,1,0.0949013,0.0962855
0.0962855,196512.52550000005,231004.098,162020.95300000013,34491.57249999994,68983.14499999987,24.5,14,1,0.0586194,0.081148
0.081148,119724.24849999999,124726.82200000015,114721.67499999984,5002.573500000151,10005.147000000303,26.0,15,1,0.0962855,0.1357741
0.1357741,222272.36399999988,238865.2399999999,205679.4879999999,16592.876000000004,33185.75200000001,26.5,16,1,0.081148,0.0784511
0.0784511,162166.5089999999,185789.92599999992,138543.09199999992,23623.417,47246.834,27.0,17,1,0.1357741,0.0787438
0.0787438,162771.60949999996,198547.2610000001,126995.95799999984,35775.65150000012,71551.30300000025,27.0,18,1,0.0784511,0.0494979
0.0494979,155027.41299999983,171375.89099999954,138678.9350000001,16348.477999999712,32696.955999999424,26.5,19,1,0.0787438,0.051727
0.051727,162009.12749999994,205223.69699999996,118794.55799999992,43214.56950000002,86429.13900000004,25.5,20,1,0.0494979,0.1097387
0.1097387,343701.8590000005,440261.45100000076,247142.26700000034,96559.59200000021,193119.18400000042,23.0,21,1,0.051727,0.1640868
0.2451997,367950.22299999977,430079.7289999994,305820.7170000001,62129.505999999645,124259.01199999929,14.007462686567163,6,1,0.2597868,0.2543562
0.2543562,381690.61549999984,449182.4909999996,314198.74000000005,67491.87549999976,134983.75099999952,14.455223880597014,7,1,0.2451997,0.7127787
0.7127787,1174380.0719999992,1214942.1919999993,1133817.9519999993,40562.119999999995,81124.23999999999,14.902985074626866,8,1,0.2543562,0.2625286
0.2625286,432544.2389999998,641389.4369999997,223699.04100000003,208845.19799999983,417690.39599999966,15.350746268656717,9,1,0.7127787,0.0728396
0.0728396,150410.6604999999,184657.66299999974,116163.6580000001,34247.00249999982,68494.00499999964,15.798507462686567,10,1,0.2625286,0.3834072
0.3834072,791718.9500000014,1310594.9750000027,272842.925,518876.0250000013,1037752.0500000026,16.246268656716417,11,1,0.0728396,0.1445246
0.1445246,298437.0305000006,321627.172000001,275246.88900000014,23190.141500000434,46380.28300000087,16.69402985074627,12,1,0.3834072,0.1120857
0.1120857,228759.5609999999,276244.99699999986,181274.12499999994,47485.43599999996,94970.87199999992,17.14179104477612,13,1,0.1445246,0.0886448
0.0886448,180918.33499999976,221810.92599999986,140025.74399999966,40892.5910000001,81785.1820000002,17.58955223880597,14,1,0.1120857,0.1407511
0.1407511,207661.69249999983,215987.16899999997,199336.2159999997,8325.476500000135,16650.95300000027,18.037313432835823,15,1,0.0886448,0.123984
0.123984,202971.14950000017,208439.32400000028,197502.97500000006,5468.17450000011,10936.34900000022,18.485074626865668,16,1,0.1407511,0.4329286
0.4329286,894907.9939999997,1274777.544,515038.4439999995,379869.5500000003,759739.1000000006,18.93283582089552,17,1,0.123984,0.1342529
0.1342529,277514.46650000033,352114.9700000006,202913.96300000002,74600.5035000003,149201.0070000006,19.380597014925375,18,1,0.4329286,0.0409835
0.0409835,128360.38649999996,142577.6900000001,114143.08299999984,14217.303500000125,28434.60700000025,19.828358208955223,19,1,0.1342529,0.0651529
0.0651529,204058.92449999996,219431.28300000035,188686.56599999958,15372.35850000038,30744.71700000076,20.276119402985074,20,1,0.0409835,0.315244
0.315244,987345.064999999,1105114.5169999988,869575.6129999993,117769.45199999976,235538.90399999951,20.723880597014926,21,1,0.0651529,0.6346014
0.1370217,205616.69,243344.55300000013,167888.82699999987,37727.86300000013,75455.72600000026,24.529850746268657,6,1,0.1530638,0.2915795
0.2915795,437548.3724999996,489692.1069999997,385404.6379999995,52143.73450000011,104287.46900000022,24.97761194029851,7,1,0.1370217,0.1505291
0.1505291,248013.04250000019,272028.77300000045,223997.31199999992,24015.730500000267,48031.461000000534,25.42537313432836,8,1,0.2915795,0.1585787
0.1585787,261275.57699999987,317102.0100000001,205449.14399999965,55826.43300000024,111652.86600000047,25.873134328358212,9,1,0.1505291,0.0637754
0.0637754,131693.44399999996,150875.40699999972,112511.48100000017,19181.96299999977,38363.92599999954,26.320895522388064,10,1,0.1585787,0.0878165
0.0878165,181337.20399999997,224960.06399999993,137714.344,43622.85999999996,87245.71999999991,26.768656716417908,11,1,0.0637754,0.066042
0.066042,136373.7529999999,157099.91399999993,115647.59199999986,20726.161000000036,41452.32200000007,27.21641791044776,12,1,0.0878165,0.1367959
0.1367959,279191.44149999996,347544.1279999997,210838.7550000002,68352.68649999973,136705.37299999947,27.66417910447761,13,1,0.066042,0.5468101
0.5468101,1116003.697,1802134.0259999996,429873.3680000001,686130.3289999998,1372260.6579999996,28.5,14,1,0.1367959,0.1475879
0.1475879,217748.57600000006,230041.44300000038,205455.7089999997,12292.867000000333,24585.734000000666,29.0,15,1,0.5468101,0.1259765
0.1259765,206233.03050000005,210551.78500000003,201914.27600000004,4318.7544999999955,8637.508999999991,30.0,16,1,0.1475879,0.7739432
0.7739432,1599820.0750000004,2960077.4040000006,239562.7460000002,1360257.3290000001,2720514.6580000003,30.5,17,1,0.1259765,0.2839757
0.2839757,587006.9240000005,954581.0430000009,219432.80500000005,367574.1190000004,735148.2380000008,30.5,18,1,0.7739432,0.0467461
0.0467461,146409.02949999992,176309.30999999976,116508.74900000007,29900.280499999848,59800.560999999696,30.5,19,1,0.2839757,0.0556297
0.0556297,174232.2589999999,207016.62900000016,141447.88899999965,32784.37000000026,65568.74000000051,30.0,20,1,0.0467461,0.2116841
0.2116841,662995.3105000013,863148.6000000031,462842.0209999996,200153.28950000176,400306.5790000035,28.5,21,1,0.0556297,0.2958289
0.1007661,151211.03399999812,172746.08599999634,129675.98199999987,21535.051999998235,43070.10399999647,15.071428571428571,6,1,0.1295744,0.1783122
0.1783122,428660.08300000086,568637.0540000014,288683.1120000003,139976.97100000054,279953.9420000011,15.0,7,1,0.1007661,0.1110329
0.1110329,266921.58149999974,320754.2829999992,213088.88000000024,53832.701499999464,107665.40299999894,15.0,8,1,0.1783122,0.1148557
0.1148557,276111.4605000003,322449.28100000054,229773.64000000004,46337.82050000025,92675.6410000005,17.0,9,1,0.1110329,0.094338
0.094338,194803.81500000026,271956.1730000001,117651.45700000039,77152.35799999988,154304.71599999972,21.0,10,1,0.1148557,0.1116602
0.1116602,230573.3550000001,231553.044,229593.66600000017,979.6889999999112,1959.3779999998224,23.5,11,1,0.094338,0.1042929
0.1042929,215360.3379999998,225657.96099999995,205062.7149999997,10297.623000000123,20595.246000000247,25.5,12,1,0.1116602,0.0664701
0.0664701,135661.08750000005,146059.69499999995,125262.48000000016,10398.607499999896,20797.214999999793,27.0,13,1,0.1042929,0.0971826
0.0971826,198343.42449999985,222493.7299999997,174193.119,24150.305499999842,48300.610999999684,28.5,14,1,0.0664701,0.0908372
0.0908372,134019.5440000001,145489.72100000005,122549.36700000017,11470.176999999938,22940.353999999876,30.5,15,1,0.0971826,0.1224864
0.1224864,200519.4084999999,227211.1859999999,173827.6309999999,26691.777499999997,53383.55499999999,31.5,16,1,0.0908372,0.0850512
0.0850512,175809.4955000001,188491.25200000018,163127.73900000003,12681.756500000076,25363.51300000015,32.125,17,1,0.1224864,0.73376
0.73376,1516757.3874999944,2808957.944999989,224556.82999999955,1292200.5574999948,2584401.1149999895,32.625,18,1,0.0850512,0.0907715
0.0907715,284296.6779999998,327447.93699999986,241145.41899999973,43151.259000000064,86302.51800000013,33.0,19,1,0.73376,1.0
1.0,3132002.6164999995,3557223.337999998,2706781.8950000014,425220.72149999836,850441.4429999967,32.5,20,1,0.0907715,0.2524866
0.2524866,790788.8230000006,1171589.4840000006,409988.16200000036,380800.66100000014,761601.3220000003,31.5,21,1,1.0,0.0772627
0.1061753,159328.11099999995,198786.33099999992,119869.89099999997,39458.21999999997,78916.43999999994,22.5,6,1,0.1119258,0.127689
0.127689,306962.61249999993,392656.00599999976,221269.2190000001,85693.39349999983,171386.78699999966,18.75,7,1,0.1061753,0.4683634
0.4683634,1125939.3015,1897661.963,354216.6400000003,771722.6614999998,1543445.3229999996,19.0,8,1,0.127689,0.4002032
0.4002032,962083.0469999997,1028803.5009999992,895362.5930000001,66720.45399999956,133440.90799999912,19.0,9,1,0.4683634,0.3665232
0.3665232,756854.2220000001,1374994.0799999998,138714.3640000003,618139.8579999998,1236279.7159999995,19.5,10,1,0.4002032,0.0970579
0.0970579,200420.2149999999,219082.0099999998,181758.42000000004,18661.794999999882,37323.589999999764,20.0,11,1,0.3665232,0.0638843
0.0638843,131918.28750000006,137274.02900000007,126562.54600000006,5355.741500000004,10711.483000000007,20.5,12,1,0.0970579,0.0863369
0.0863369,176208.07449999996,207643.95299999998,144772.19599999994,31435.87850000002,62871.75700000004,22.5,13,1,0.0638843,0.0734726
0.0734726,149952.7979999999,175366.82599999986,124538.7699999999,25414.027999999977,50828.05599999995,23.0,14,1,0.0863369,0.1030796
0.1030796,152081.7249999999,188461.96299999964,115701.48700000014,36380.23799999975,72760.4759999995,24.5,15,1,0.0734726,0.1058392
0.1058392,173266.78600000014,220402.9380000001,126130.63400000018,47136.151999999965,94272.30399999993,25.0,16,1,0.1030796,0.062449
0.062449,129088.5700000001,137579.24300000025,120597.89699999995,8490.673000000148,16981.346000000296,21.5,17,1,0.1058392,0.0980306
0.0980306,202639.38399999996,209438.64399999988,195840.12400000007,6799.2599999999065,13598.519999999815,22.5,18,1,0.062449,0.0751369
0.0751369,235328.84749999992,243680.9329999999,226976.76199999996,8352.085499999972,16704.170999999944,23.0,19,1,0.0980306,0.4016656
0.4016656,1258017.6070000008,2110149.7520000003,405885.46200000134,852132.1449999996,1704264.289999999,23.0,20,1,0.0751369,0.1065384
0.1065384,333678.6305000003,485780.6920000008,181576.5689999999,152102.06150000045,304204.1230000009,22.0,21,1,0.4016656,0.5197698
0.1447101,217154.0619999999,235709.80799999964,198598.31600000014,18555.74599999975,37111.4919999995,23.5,6,1,0.0954028,0.1963615
0.1963615,472050.30000000005,595321.9330000003,348778.66699999984,123271.63300000023,246543.26600000047,17.0,7,1,0.1447101,0.1432341
0.1432341,344332.9299999996,405216.7369999991,283449.123,60883.806999999535,121767.61399999907,17.0,8,1,0.1963615,0.0843019
0.0843019,202660.6295000001,241621.17700000046,163700.08199999976,38960.54750000035,77921.0950000007,17.0,9,1,0.1432341,0.0684797
0.0684797,141407.53400000013,168741.32100000026,114073.747,27333.787000000128,54667.574000000255,17.5,10,1,0.0843019,0.0860942
0.0860942,177780.7569999999,224817.10299999983,130744.41099999996,47036.34599999993,94072.69199999986,17.5,11,1,0.0684797,0.0624242
0.0624242,128903.19949999996,142476.7219999998,115329.67700000011,13573.522499999846,27147.044999999693,17.5,12,1,0.0860942,0.0925463
0.0925463,188880.8810000001,200822.3450000003,176939.4169999999,11941.464000000196,23882.928000000393,17.0,13,1,0.0624242,0.0667034
0.0667034,136137.36149999988,139167.93899999972,133106.78400000004,3030.5774999998393,6061.154999999679,18.0,14,1,0.0925463,0.1012684
0.1012684,149409.55249999996,183878.36399999994,114940.741,34468.811499999974,68937.62299999995,18.0,15,1,0.0667034,0.103398
0.103398,169270.25150000013,220792.9200000002,117747.58300000004,51522.66850000007,103045.33700000015,18.0,16,1,0.1012684,0.4838171
0.4838171,1000099.7209999998,1771706.9549999996,228492.487,771607.2339999998,1543214.4679999996,19.0,17,1,0.103398,0.4095752
0.4095752,846633.9979999993,939036.5460000001,754231.4499999986,92402.54800000077,184805.09600000153,18.0,18,1,0.4838171,0.1168016
0.1168016,365822.78150000004,475289.30799999996,256356.25500000015,109466.5264999999,218933.0529999998,19.0,19,1,0.4095752,0.0781924
0.0781924,244898.95299999975,246410.0299999995,243387.87600000002,1511.0769999997428,3022.1539999994857,19.0,20,1,0.1168016,0.4068896
0.4068896,1274379.2245000002,1547743.225,1001015.2240000003,273364.0004999999,546728.0009999998,19.0,21,1,0.0781924,0.3793726
0.1836499,275587.654,307281.606,243893.7019999999,31693.952000000063,63387.904000000126,11.25,6,1,0.2852504,0.2046215
0.2046215,491907.4120000001,648465.7540000003,335349.0699999999,156558.3420000002,313116.6840000004,20.0,7,1,0.1836499,0.108086
0.108086,259837.28799999977,288356.0739999996,231318.50199999992,28518.785999999847,57037.571999999695,12.0,8,1,0.2046215,0.343521
0.343521,825819.8204999998,1363251.1579999996,288388.48300000007,537431.3374999998,1074862.6749999996,12.5,9,1,0.108086,0.390306
0.390306,805964.7175,941134.5069999993,670794.9280000007,135169.78949999932,270339.57899999863,13.5,10,1,0.343521,0.9012735
0.9012735,1861090.108999998,1945151.7219999975,1777028.4959999986,84061.61299999943,168123.22599999886,15.0,11,1,0.390306,0.1642629
0.1642629,339195.57650000026,465633.28799999994,212757.86500000054,126437.7114999997,252875.4229999994,17.5,12,1,0.9012735,0.1412091
0.1412091,288198.5959999999,317180.70499999996,259216.4869999999,28982.109000000026,57964.21800000005,19.0,13,1,0.1642629,0.1207777
0.1207777,246499.5045,284421.8500000001,208577.15899999993,37922.34550000008,75844.69100000017,19.0,14,1,0.1412091,0.0904627
0.0904627,133467.0630000001,145678.56700000024,121255.55899999996,12211.504000000139,24423.008000000278,20.0,15,1,0.1207777,0.5519442
0.5519442,903574.1454999999,1284488.9379999992,522659.3530000005,380914.79249999934,761829.5849999986,21.0,16,1,0.0904627,0.7243035
0.7243035,1497209.693499998,1557952.3979999989,1436466.988999997,60742.704500000924,121485.40900000185,21.5,17,1,0.5519442,0.117111
0.117111,242080.53999999992,286401.55699999956,197759.52300000028,44321.01699999964,88642.03399999929,22.5,18,1,0.7243035,0.0643076
0.0643076,201411.5479999999,210354.0199999998,192469.07600000003,8942.471999999878,17884.943999999756,23.0,19,1,0.117111,0.0905848
0.0905848,283711.7800000003,441808.04400000046,125615.51600000022,158096.2640000001,316192.5280000002,23.5,20,1,0.0643076,0.1812093
0.1812093,567548.0094999997,613136.2149999992,521959.80400000035,45588.2054999994,91176.4109999988,23.0,21,1,0.0905848,0.1393887
0.1589925,238586.50499999977,258650.85499999972,218522.15499999985,20064.349999999933,40128.699999999866,13.777777777777779,6,1,0.125188,0.2229342
0.2229342,535930.7819999999,643768.1770000006,428093.38699999923,107837.39500000069,215674.79000000138,21.72222222222222,7,1,0.1589925,0.3598876
0.3598876,865164.8859999985,1140761.3359999976,589568.4359999994,275596.4499999991,551192.8999999982,13.11111111111111,8,1,0.2229342,0.560756
0.560756,1348049.6749999993,2146389.5219999985,549709.828,798339.8469999993,1596679.6939999985,13.0,9,1,0.3598876,0.0686634
0.0686634,141786.81450000004,166713.08900000012,116860.53999999998,24926.274500000072,49852.549000000145,13.0,10,1,0.560756,0.2468026
0.2468026,509636.4655000012,877802.3840000023,141470.54700000008,368165.91850000113,736331.8370000022,14.5,11,1,0.0686634,0.1490523
0.1490523,307786.49500000046,350329.85800000053,265243.13200000033,42543.3630000001,85086.7260000002,17.0,12,1,0.2468026,0.1025216
0.1025216,209239.82900000017,219516.19700000016,198963.46100000018,10276.367999999988,20552.735999999975,18.0,13,1,0.1490523,0.2074412
0.2074412,423374.05700000003,626188.2699999999,220559.8440000002,202814.21299999984,405628.42599999974,19.5,14,1,0.1025216,0.8868313
0.8868313,1308414.8869999996,1558094.9289999993,1058734.8450000002,249680.04199999955,499360.0839999991,22.0,15,1,0.2074412,0.5685073
0.5685073,930689.1855000027,1212842.8430000055,648535.5279999999,282153.65750000277,564307.3150000055,23.5,16,1,0.8868313,0.791966
0.791966,1637075.0784999991,1801227.7819999987,1472922.3749999995,164152.7034999996,328305.4069999992,24.0,17,1,0.5685073,0.5399693
0.5399693,1116172.019499998,1696468.1519999965,535875.8869999994,580296.1324999986,1160592.264999997,24.5,18,1,0.791966,0.0745306
0.0745306,233430.02549999958,235541.89499999967,231318.15599999952,2111.8695000000735,4223.739000000147,25.0,19,1,0.5399693,0.1227195
0.1227195,384357.77,416783.61599999986,351931.9240000002,32425.845999999845,64851.69199999969,25.0,20,1,0.0745306,0.0994099
0.0994099,311352.0085000003,412364.7190000007,210339.29799999992,101012.7105000004,202025.42100000076,25.0,21,1,0.1227195,0.6157069
0.0920612,138148.4215000001,141343.60900000005,134953.2340000002,3195.1874999999272,6390.3749999998545,14.0,6,1,0.1253573,0.1471899
0.1471899,353842.42199999955,510110.4879999991,197574.35600000003,156268.06599999953,312536.13199999905,14.0,7,1,0.0920612,0.1890979
0.1890979,454588.8975000003,554110.0940000003,355067.70100000035,99521.19649999996,199042.39299999992,6.5,8,1,0.1471899,0.3029484
0.3029484,728283.8979999998,875728.5759999995,580839.22,147444.67799999978,294889.35599999956,12.5,9,1,0.1890979,0.2039302
0.2039302,421106.92000000016,541496.4970000002,300717.3430000001,120389.57700000005,240779.1540000001,12.5,10,1,0.3029484,0.0833391
0.0833391,172091.48550000036,174947.8830000003,169235.08800000043,2856.3974999999336,5712.794999999867,13.5,11,1,0.2039302,0.0922617
0.0922617,190516.24699999977,225070.95699999997,155961.53699999957,34554.710000000196,69109.42000000039,16.5,12,1,0.0833391,0.0714138
0.0714138,145750.84649999999,147751.91299999997,143749.78000000003,2001.0664999999717,4002.1329999999434,19.5,13,1,0.0922617,0.1368744
0.1368744,279351.78949999984,296545.95799999987,262157.62099999987,17194.1685,34388.337,21.5,14,1,0.0714138,0.1673501
0.1673501,246905.25750000033,272625.31900000013,221185.19600000052,25720.061499999807,51440.122999999614,22.5,15,1,0.1368744,0.9012305
0.9012305,1475381.9305000005,2711201.553000001,239562.30800000002,1235819.6225000003,2471639.2450000006,24.5,16,1,0.1673501,0.2281246
0.2281246,471557.0399999992,723409.5019999985,219704.57799999995,251852.46199999924,503704.9239999985,26.5,17,1,0.9012305,0.1069268
0.1069268,221028.7535000001,224325.03200000012,217732.47500000012,3296.2785000000003,6592.557000000001,27.75,18,1,0.2281246,0.0759049
0.0759049,237734.35250000007,277588.85500000016,197879.84999999998,39854.50250000009,79709.00500000018,29.25,19,1,0.1069268,0.5062011
0.5062011,1585423.0315000005,1643708.1730000018,1527137.8899999992,58285.14150000131,116570.28300000262,30.0,20,1,0.0759049,0.3189073
0.3189073,998818.3794999998,1219991.7279999997,777645.0309999998,221173.3484999999,442346.6969999998,30.5,21,1,0.5062011,0.1260728
0.1623208,243580.95499999996,306147.07300000015,181014.83699999977,62566.11800000019,125132.23600000038,17.8,6,1,0.4830872,0.1912516
0.1912516,459766.2430000005,599699.9320000008,319832.5540000002,139933.68900000033,279867.37800000067,17.0,7,1,0.1623208,0.162853
0.162853,391496.31450000027,401567.8820000004,381424.74700000015,10071.567500000121,20143.135000000242,8.7,8,1,0.1912516,0.551418
0.551418,1325601.403500003,2246983.567000006,404219.2400000001,921382.1635000029,1842764.3270000056,16.0,9,1,0.162853,0.5786079
0.5786079,1194799.9030000013,1446622.5020000015,942977.3040000013,251822.5990000001,503645.1980000002,16.0,10,1,0.551418,0.9017976
0.9017976,1862172.2315000005,1971308.978,1753035.485000001,109136.74649999943,218273.49299999885,16.5,11,1,0.5786079,0.5904203
0.5904203,1219191.944999998,1756936.8009999986,681447.0889999975,537744.8560000005,1075489.7120000012,19.0,12,1,0.9017976,0.1115466
0.1115466,227659.3550000002,248002.20299999986,207316.5070000006,20342.847999999634,40685.69599999927,20.5,13,1,0.5904203,0.1052766
0.1052766,214862.73499999987,226788.81899999984,202936.6509999999,11926.083999999973,23852.167999999947,21.5,14,1,0.1115466,0.1019992
0.1019992,150487.7305,174510.825,126464.63599999997,24023.09450000002,48046.18900000004,23.0,15,1,0.1052766,0.0923826
0.0923826,151237.23750000002,168638.1969999999,133836.27800000014,17400.95949999988,34801.91899999976,23.0,16,1,0.1019992,0.0975996
0.0975996,201748.384,213066.22100000005,190430.54699999993,11317.837000000058,22635.674000000115,23.5,17,1,0.0923826,0.0632065
0.0632065,130654.32000000004,136479.7550000001,124828.885,5825.435000000049,11650.870000000097,24.0,18,1,0.0975996,0.0627197
0.0627197,196438.30200000014,212199.3890000004,180677.21499999988,15761.087000000261,31522.174000000523,25.0,19,1,0.0632065,0.0479118
0.0479118,150059.76799999984,174420.7459999999,125698.78999999978,24360.97800000006,48721.95600000012,25.5,20,1,0.0627197,0.0715104
0.0715104,223970.65250000008,313839.4780000001,134101.82700000005,89868.82550000004,179737.65100000007,26.0,21,1,0.0479118,0.3948035
0.2448727,367459.55900000024,413886.3440000002,321032.7740000003,46426.784999999945,92853.56999999989,17.916666666666664,6,1,0.2904943,0.1419844
0.1419844,341328.62000000034,392803.0400000006,289854.20000000007,51474.420000000275,102948.84000000055,17.583333333333336,7,1,0.2448727,0.2013246
0.2013246,483981.62300000025,630529.2279999999,337434.01800000056,146547.60499999966,293095.2099999993,17.25,8,1,0.1419844,0.1199819
0.1199819,288434.9579999997,298572.1939999997,278297.72199999966,10137.236000000034,20274.472000000067,9.5,9,1,0.2013246,0.0821952
0.0821952,169729.419,208039.85200000007,131418.9859999999,38310.43300000009,76620.86600000018,17.5,10,1,0.1199819,0.497085
0.497085,1026458.6300000002,1891682.9940000009,161234.26599999962,865224.3640000006,1730448.7280000013,17.25,11,1,0.0821952,0.6212203
0.6212203,1282792.4884999986,1911129.9659999972,654455.011,628337.4774999985,1256674.9549999973,17.0,12,1,0.497085,1.0
1.0,2040934.8175000006,2415225.6000000034,1666644.0349999978,374290.78250000277,748581.5650000055,17.5,13,1,0.6212203,0.1444424
0.1444424,294797.5290000002,392113.315,197481.74300000048,97315.78599999976,194631.57199999952,19.0,14,1,1.0,0.1452003
0.1452003,214225.89299999992,221603.22300000006,206848.56299999982,7377.330000000118,14754.660000000236,20.5,15,1,0.1444424,0.1233943
0.1233943,202005.78350000002,208533.9000000003,195477.66699999975,6528.116500000281,13056.23300000056,21.75,16,1,0.1452003,0.1042322
0.1042322,215458.61399999997,219989.877,210927.35099999994,4531.263000000035,9062.52600000007,23.0,17,1,0.1233943,0.2382988
0.2382988,492588.13150000025,760949.6130000004,224226.6500000002,268361.4815000001,536722.9630000002,23.5,18,1,0.1042322,0.1065655
0.1065655,333763.2955000001,447193.7600000004,220332.8309999999,113430.46450000026,226860.92900000053,24.0,19,1,0.2382988,0.1323709
0.1323709,414586.025,462903.91000000027,366268.1399999997,48317.88500000027,96635.77000000054,25.0,20,1,0.1065655,0.0596242
0.0596242,186743.15250000026,192972.3880000001,180513.9170000004,6229.23549999985,12458.4709999997,25.0,21,1,0.1323709,0.0629431
0.6474774,971613.9074999995,1458341.6889999984,484886.1260000007,486727.7814999988,973455.5629999978,17.0,6,1,0.1047113,0.2264155
0.2264155,544299.8785000005,657765.2280000005,430834.5290000004,113465.34950000004,226930.69900000008,15.9,7,1,0.6474774,0.1411733
0.1411733,339378.7149999994,356803.9949999993,321953.4349999995,17425.27999999991,34850.55999999982,15.5,8,1,0.2264155,0.0908774
0.0908774,218467.95199999984,259386.29899999974,177549.60499999995,40918.34699999989,81836.69399999978,9.1,9,1,0.1411733,0.0625024
0.0625024,129064.74100000011,133069.0980000003,125060.38399999993,4004.3570000001782,8008.7140000003565,15.0,10,1,0.0908774,0.102533
0.102533,211726.13000000006,226662.12199999997,196790.13800000015,14935.991999999911,29871.983999999822,15.5,11,1,0.0625024,0.0599237
0.0599237,123739.775,130328.10399999998,117151.446,6588.328999999991,13176.657999999981,15.5,12,1,0.102533,0.1622034
0.1622034,331046.5655,451269.76999999967,210823.36100000032,120223.20449999967,240446.40899999934,16.0,13,1,0.0599237,0.1086192
0.1086192,221684.69600000005,236128.27800000005,207241.11400000006,14443.581999999995,28887.16399999999,18.5,14,1,0.1622034,0.0968443
0.0968443,142882.27949999995,168308.05900000015,117456.49999999975,25425.7795000002,50851.5590000004,20.0,15,1,0.1086192,0.1030857
0.1030857,168758.99100000015,200805.08700000003,136712.89500000025,32046.09599999989,64092.19199999978,22.0,16,1,0.0968443,0.086412
0.086412,178622.5295,216769.32999999996,140475.72900000002,38146.80049999997,76293.60099999994,22.5,17,1,0.1030857,0.0934406
0.0934406,193151.36800000013,206764.63300000023,179538.103,13613.265000000116,27226.53000000023,24.5,18,1,0.086412,0.0881512
0.0881512,276089.73550000007,285169.90000000055,267009.57099999965,9080.16450000045,18160.3290000009,25.0,19,1,0.0934406,0.0882215
0.0882215,276309.9175,313944.0789999998,238675.75600000023,37634.161499999784,75268.32299999957,25.75,20,1,0.0881512,0.4681301
0.4681301,1466184.6264999984,1525275.6329999983,1407093.6199999982,59091.00650000002,118182.01300000004,26.5,21,1,0.0882215,0.3641038
0.2355115,353411.88599999994,366383.31400000013,340440.4579999997,12971.428000000218,25942.856000000436,18.5,6,1,1.0,0.1615522
0.1615522,388369.4040000001,433813.80299999984,342925.0050000004,45444.398999999714,90888.79799999943,17.5,7,1,0.2355115,0.4174875
0.4174875,1003634.3615000003,1648258.7450000008,359009.978,644624.3835000005,1289248.767000001,16.5,8,1,0.1615522,0.3736131
0.3736131,898160.787500001,1043328.3180000013,752993.2570000009,145167.53050000017,290335.06100000034,17.0,9,1,0.4174875,0.2133725
0.2133725,440604.8079999996,460222.0739999999,420987.5419999994,19617.266000000265,39234.53200000053,11.0,10,1,0.3736131,1.0
1.0,2064955.9629999984,2441464.850999998,1688447.0749999988,376508.88799999957,753017.7759999991,17.5,11,1,0.2133725,0.9602714
0.9602714,1982918.1574999993,2055378.2659999977,1910458.0490000006,72460.10849999858,144920.21699999715,18.0,12,1,1.0,0.6312774
0.6312774,1288396.1050000002,1846211.3630000025,730580.8469999981,557815.2580000022,1115630.5160000045,17.0,13,1,0.9602714,0.1129554
0.1129554,230534.70800000004,252153.94300000023,208915.47299999988,21619.235000000175,43238.47000000035,17.5,14,1,0.6312774,0.0993837
0.0993837,146628.90200000006,162164.7259999999,131093.07800000018,15535.823999999862,31071.647999999725,19.5,15,1,0.1129554,0.1277953
0.1277953,209210.57100000008,209451.09000000046,208970.0519999997,240.51900000037858,481.03800000075717,20.25,16,1,0.0993837,0.0893503
0.0893503,146273.18150000004,159085.28799999997,133461.0750000001,12812.106499999936,25624.212999999872,21.0,17,1,0.1277953,0.2010169
0.2010169,329079.8105000003,511682.31700000056,146477.30400000006,182602.50650000025,365205.0130000005,21.5,18,1,0.0893503,0.3057487
0.3057487,957605.5885000017,1577464.3720000032,337746.80500000005,619858.7835000015,1239717.567000003,21.5,19,1,0.2010169,0.2210648
0.2210648,692375.5350000003,841593.2389999998,543157.8310000007,149217.70399999956,298435.4079999991,22.0,20,1,0.3057487,0.6969562
0.6969562,2182868.7820000034,2674013.2540000076,1691724.3099999996,491144.472000004,982288.944000008,23.5,21,1,0.2210648,0.9713321
0.3255914,488587.1609999995,507482.5909999997,469691.73099999933,18895.430000000197,37790.86000000039,17.5,6,1,0.2883988,0.1937921
0.1937921,465873.49150000035,696280.0720000005,235466.91100000014,230406.5805000002,460813.1610000004,17.0,7,1,0.3255914,0.1392756
0.1392756,334816.65250000043,389652.0230000002,279981.2820000006,54835.370499999815,109670.74099999963,17.0,8,1,0.1937921,0.1388967
0.1388967,333905.857,399446.98699999985,268364.7270000002,65541.12999999983,131082.25999999966,17.0,9,1,0.1392756,0.0972095
0.0972095,200733.24300000007,205009.99400000018,196456.49199999997,4276.751000000106,8553.502000000211,11.0,10,1,0.1388967,0.3021973
0.3021973,624024.1269999986,1101920.5379999971,146127.716,477896.41099999857,955792.8219999971,17.0,11,1,0.0972095,0.0890577
0.0890577,183900.20899999992,209134.39700000003,158666.02099999978,25234.188000000126,50468.37600000025,17.0,12,1,0.3021973,0.1064306
0.1064306,217217.8174999998,305861.0229999996,128574.61200000004,88643.20549999976,177286.41099999956,17.0,13,1,0.0890577,0.1150682
0.1150682,234846.67500000005,253053.82799999975,216639.52200000038,18207.152999999686,36414.30599999937,17.0,14,1,0.1064306,0.1014145
0.1014145,149625.18000000005,179715.76999999987,119534.59000000023,30090.589999999822,60181.179999999644,17.25,15,1,0.1150682,0.1650921
0.1650921,270268.2100000001,323298.757,217237.66300000012,53030.54699999993,106061.09399999987,18.0,16,1,0.1014145,0.1207793
0.1207793,197724.80250000022,261370.8220000004,134078.78300000002,63646.019500000184,127292.03900000037,18.5,17,1,0.1650921,0.1724235
0.1724235,282270.1365000005,343466.90100000077,221073.3720000002,61196.76450000028,122393.52900000056,19.75,18,1,0.1207793,0.0752161
0.0752161,235576.96950000004,270108.2689999999,201045.67000000016,34531.29949999988,69062.59899999975,19.25,19,1,0.1724235,0.1210961
0.1210961,379273.4435,460765.84900000045,297781.03799999953,81492.40550000046,162984.81100000092,16.5,20,1,0.0752161,0.1848585
0.1848585,578977.3465000001,716393.6500000006,441561.0429999996,137416.3035000005,274832.607000001,15.0,21,1,0.1210961,0.2143953
0.8628962,1129035.3755,1506017.1920000012,752053.5589999987,376981.81650000124,753963.6330000025,13.5,6,1,0.5766726,0.4983926
0.4983926,1198128.9975,1955210.9589999996,441047.03600000043,757081.9614999995,1514163.922999999,13.0,7,1,0.8628962,0.0867071
0.0867071,208442.63749999995,210068.0689999998,206817.20600000006,1625.431499999875,3250.86299999975,13.0,8,1,0.4983926,0.1017521
0.1017521,244610.5850000002,255243.4380000002,233977.73200000022,10632.852999999988,21265.705999999976,12.399999999999999,9,1,0.0867071,0.0743562
0.0743562,153542.21850000022,158498.1760000002,148586.26100000023,4955.9574999999895,9911.914999999979,11.600000000000001,10,1,0.1017521,0.0840568
0.0840568,173573.5639999999,207357.94699999972,139789.1810000001,33784.38299999981,67568.76599999962,8.5,11,1,0.0743562,0.0826893
0.0826893,170749.76549999992,201519.11399999997,139980.41699999984,30769.348500000066,61538.69700000013,11.75,12,1,0.0840568,0.063571
0.063571,129744.17249999993,136033.50100000002,123454.84399999984,6289.328500000091,12578.657000000181,12.0,13,1,0.0826893,0.0986036
0.0986036,201243.54400000034,227004.6520000003,175482.43600000037,25761.107999999964,51522.21599999993,12.5,14,1,0.063571,0.0814723
0.0814723,120202.78850000008,123371.7780000001,117033.79900000009,3168.9895000000033,6337.979000000007,13.75,15,1,0.0986036,0.1231347
0.1231347,201580.72600000014,207919.60400000034,195241.84799999994,6338.878000000201,12677.756000000401,16.5,16,1,0.0814723,0.0844847
0.0844847,138307.73899999983,146090.43699999983,130525.04099999984,7782.697999999997,15565.395999999993,18.5,17,1,0.1231347,0.1736626
0.1736626,284298.7840000002,330185.9440000004,238411.62400000004,45887.16000000019,91774.32000000039,19.0,18,1,0.0844847,0.0715314
0.0715314,224036.63299999997,276744.38899999985,171328.87700000007,52707.75599999989,105415.51199999978,20.5,19,1,0.1736626,0.0501996
0.0501996,157225.2425,162886.89899999992,151563.58600000007,5661.656499999925,11323.31299999985,20.0,20,1,0.0715314,0.2141916
0.2141916,670848.6620000002,696814.4850000003,644882.8390000002,25965.82300000009,51931.64600000018,20.5,21,1,0.0501996,0.1948926
0.1917793,250928.98449999976,266885.2099999995,234972.75900000002,15956.225499999739,31912.450999999477,16.0,6,1,0.1035406,0.2030555
0.2030555,488142.7525000003,598566.6920000006,377718.8129999999,110423.93950000036,220847.8790000007,16.0,7,1,0.1917793,0.5509483
0.5509483,1324472.2820000006,2285786.352000001,363158.2120000001,961314.0700000004,1922628.1400000008,16.0,8,1,0.2030555,0.5765384
0.5765384,1385990.4625000006,2364325.1800000016,407655.7449999997,978334.717500001,1956669.435000002,13.0,9,1,0.5509483,0.5894086
0.5894086,1217102.7554999988,1729205.6019999979,704999.9089999998,512102.84649999905,1024205.6929999981,12.166666666666668,10,1,0.5765384,0.6929113
0.6929113,1430831.406,2368366.8100000005,493296.00199999963,937535.4040000004,1875070.808000001,9.833333333333332,11,1,0.5894086,0.7131578
0.7131578,1472639.4629999995,1515674.7899999993,1429604.1359999995,43035.32699999993,86070.65399999986,13.0,12,1,0.6929113,0.0892764
0.0892764,182207.27450000012,239945.96300000008,124468.58600000018,57738.688499999946,115477.37699999989,13.0,13,1,0.7131578,0.0725535
0.0725535,148076.92999999993,178592.18299999984,117561.67700000001,30515.252999999917,61030.505999999834,12.0,14,1,0.0892764,0.0990671
0.0990671,146161.77799999996,155686.03100000016,136637.52499999976,9524.2530000002,19048.5060000004,14.0,15,1,0.0725535,0.1113499
0.1113499,182288.18199999997,207848.68200000006,156727.68199999986,25560.500000000102,51121.000000000204,16.5,16,1,0.0990671,0.0863482
0.0863482,141358.4875000001,150936.4860000001,131780.4890000001,9577.998500000002,19155.997000000003,18.5,17,1,0.1113499,0.1391935
0.1391935,227870.15799999953,237981.44399999935,217758.87199999974,10111.285999999804,20222.571999999607,20.25,18,1,0.0863482,0.0510834
0.0510834,159993.43499999997,183022.99500000008,136963.87499999985,23029.560000000114,46059.12000000023,21.0,19,1,0.1391935,0.0524134
0.0524134,164158.92550000004,189224.31499999994,139093.53600000014,25065.389499999903,50130.778999999806,22.0,20,1,0.0510834,0.0976959
0.0976959,305983.8279999996,393138.80199999886,218828.85400000028,87154.97399999929,174309.94799999858,22.5,21,1,0.0524134,0.1384043
0.135577,177392.38,212424.9809999998,142359.77900000024,35032.60099999978,70065.20199999955,16.0,6,1,0.095387,0.1376354
0.1376354,330873.7425,466528.7279999999,195218.75700000013,135654.98549999986,271309.9709999998,16.0,7,1,0.135577,0.1537237
0.1537237,369549.6535000001,525022.1510000001,214077.15600000005,155472.49750000003,310944.995,15.0,8,1,0.1376354,0.1267805
0.1267805,304778.50100000034,390484.93000000017,219072.07200000054,85706.42899999981,171412.85799999963,14.0,9,1,0.1537237,0.0570038
0.0570038,117710.41899999997,118713.58999999994,116707.248,1003.1709999999657,2006.3419999999314,14.5,10,1,0.1267805,0.1002593
0.1002593,207030.94050000014,213831.5960000002,200230.28500000006,6800.655500000066,13601.311000000132,14.25,11,1,0.0570038,0.0625238
0.0625238,129108.82950000002,134017.81,124199.84900000005,4908.980499999976,9817.960999999952,10.0,12,1,0.1002593,0.0785633
0.0785633,160342.47600000002,187113.448,133571.50400000004,26770.97199999998,53541.94399999996,13.0,13,1,0.0625238,0.0856267
0.0856267,174758.56500000006,209483.08100000015,140034.04899999997,34724.51600000009,69449.03200000018,12.75,14,1,0.0785633,0.0807495
0.0807495,119136.2985,120895.00399999991,117377.59300000008,1758.7054999999164,3517.4109999998327,12.5,15,1,0.0856267,0.1301461
0.1301461,213058.96950000006,225542.92800000022,200575.0109999999,12483.958500000153,24967.917000000307,15.5,16,1,0.0807495,0.0770143
0.0770143,126078.11650000002,137186.04899999997,114970.18400000007,11107.932499999952,22215.864999999903,16.5,17,1,0.1301461,0.1021092
0.1021092,167160.35050000006,203336.6690000002,130984.0319999999,36176.31850000015,72352.6370000003,18.5,18,1,0.0770143,0.0537469
0.0537469,168335.44900000026,199644.24000000054,137026.658,31308.791000000274,62617.58200000055,19.5,19,1,0.1021092,0.1287385
0.1287385,403209.4500000004,486949.8740000004,319469.0260000005,83740.42399999997,167480.84799999994,21.5,20,1,0.0537469,0.2103016
0.2103016,658665.0195000002,668657.6300000006,648672.4089999998,9992.610500000417,19985.221000000834,22.75,21,1,0.1287385,0.1153889
0.1365289,178637.93399999992,229905.97399999984,127369.89400000001,51268.03999999991,102536.07999999983,18.5,6,1,0.1311481,0.2114959
0.2114959,508433.2450000001,675000.9910000002,341865.4990000001,166567.746,333135.492,17.0,7,1,0.1365289,1.0
1.0,2403986.391,2431036.396999999,2376936.3850000007,27050.00599999912,54100.01199999824,16.0,8,1,0.2114959,0.6673725
0.6673725,1604354.4495000024,1935773.9830000019,1272934.916000003,331419.53349999944,662839.0669999989,16.0,9,1,1.0,0.7196978
0.7196978,1486144.3060000017,1596746.5060000005,1375542.106000003,110602.19999999879,221204.39999999758,15.666666666666668,10,1,0.6673725,0.8261063
0.8261063,1705873.216499998,1728737.6409999973,1683008.7919999987,22864.424499999266,45728.84899999853,14.333333333333332,11,1,0.7196978,0.4842535
0.4842535,999962.2505000003,1650561.7390000005,349362.76200000016,650599.4885000002,1301198.9770000004,11.5,12,1,0.8261063,0.1639384
0.1639384,381696.8134999998,455824.5779999999,307569.0489999997,74127.7645000001,148255.5290000002,14.0,13,1,0.4842535,0.1043726
0.1043726,243010.13599999982,287376.059,198644.21299999967,44365.92300000017,88731.84600000034,12.5,14,1,0.1639384,0.077116
0.077116,225195.44100000002,239953.90800000017,210436.97399999987,14758.46700000015,29516.9340000003,12.0,15,1,0.1043726,0.0663073
0.0663073,193631.53850000032,223300.43500000026,163962.64200000037,29668.896499999944,59337.79299999989,14.25,16,1,0.077116,0.1650267
0.1650267,481913.5029999997,800677.5769999993,163149.429,318764.0739999997,637528.1479999993,17.5,17,1,0.0663073,0.2456813
0.2456813,575018.7100000008,897833.4660000016,252203.95399999997,322814.75600000087,645629.5120000017,19.5,18,1,0.1650267,0.1458066
0.1458066,231165.20800000004,249825.27399999992,212505.14200000017,18660.065999999875,37320.13199999975,21.0,19,1,0.2456813,0.1072016
0.1072016,234007.0129999999,252272.67599999963,215741.35000000015,18265.66299999974,36531.32599999948,22.5,20,1,0.1458066,0.1070445
0.1070445,251463.488,293705.02399999974,209221.95200000025,42241.535999999745,84483.07199999949,23.75,21,1,0.1072016,0.5629224
0.1135645,148590.73899999986,173997.52999999988,123183.94799999981,25406.791000000034,50813.58200000007,18.5,6,1,0.1152557,0.1920035
0.1920035,461573.9100000005,629478.7590000004,293669.0610000005,167904.84899999996,335809.6979999999,18.5,7,1,0.1135645,0.2192053
0.2192053,526966.597,533736.3080000001,520196.8859999998,6769.711000000127,13539.422000000253,18.0,8,1,0.1920035,0.1156049
0.1156049,277912.68899999966,371318.436,184506.94199999937,93405.74700000031,186811.49400000062,16.0,9,1,0.2192053,0.0636519
0.0636519,131438.3920000001,139539.37300000005,123337.41100000015,8100.980999999949,16201.961999999898,15.0,10,1,0.1156049,0.0932698
0.0932698,192597.96649999998,228490.8319999998,156705.10100000014,35892.865499999825,71785.73099999965,14.25,11,1,0.0636519,0.0596773
0.0596773,123231.03449999998,132448.25999999998,114013.80899999996,9217.225500000008,18434.451000000015,13.75,12,1,0.0932698,0.0837201
0.0837201,194925.0785000003,211832.56800000038,178017.58900000018,16907.489500000098,33814.979000000196,11.0,13,1,0.0596773,0.0571745
0.0571745,133118.977,138175.3590000001,128062.59499999994,5056.382000000085,10112.76400000017,11.0,14,1,0.0837201,0.0622556
0.0622556,181799.7999999998,213919.8299999997,149679.76999999996,32120.029999999868,64240.059999999736,10.5,15,1,0.0571745,0.0466299
0.0466299,136169.4994999999,158619.64299999992,113719.35599999985,22450.143500000035,44900.28700000007,11.5,16,1,0.0622556,0.0618187
0.0618187,180523.87899999984,232674.45399999985,128373.30399999981,52150.57500000002,104301.15000000004,14.0,17,1,0.0466299,0.1065926
0.1065926,249480.72649999993,307872.09099999996,191089.36199999994,58391.36450000001,116782.72900000002,15.5,18,1,0.0618187,0.1670105
0.1670105,264782.329,280247.17899999995,249317.47900000005,15464.849999999948,30929.699999999895,17.5,19,1,0.1065926,0.0966111
0.0966111,210889.28050000002,244114.32500000042,177664.23599999963,33225.0445000004,66450.0890000008,19.5,20,1,0.1670105,0.62468
0.62468,1467467.083500001,1468389.9270000008,1466544.2400000016,922.8434999996098,1845.6869999992196,21.0,21,1,0.0966111,0.3409876
0.108337,141750.94549999994,154840.7949999998,128661.09600000008,13089.849499999866,26179.69899999973,21.0,6,1,0.2478323,0.1889434
0.1889434,454217.4219999999,618965.5140000002,289469.3299999996,164748.0920000003,329496.1840000006,19.0,7,1,0.108337,0.1534177
0.1534177,368814.1539999995,464899.36399999936,272728.9439999997,96085.20999999982,192170.41999999963,18.0,8,1,0.1889434,0.1083719
0.1083719,260524.58199999994,306829.97000000015,214219.19399999973,46305.38800000021,92610.77600000042,16.5,9,1,0.1534177,0.0637416
0.0637416,131623.66150000005,132779.18999999994,130468.13300000013,1155.5284999999058,2311.0569999998115,16.75,10,1,0.1083719,0.1400419
0.1400419,289180.264,449846.438,128514.08999999998,160666.17400000003,321332.34800000006,15.9,11,1,0.0637416,0.7036353
0.7036353,1452975.869500001,1843122.0920000013,1062829.6470000008,390146.22250000027,780292.4450000005,15.5,12,1,0.1400419,0.3594151
0.3594151,836824.275999999,1287796.1659999976,385852.3860000004,450971.8899999986,901943.7799999972,13.6,13,1,0.7036353,0.1235817
0.1235817,287734.56049999985,448407.6129999995,127061.5080000002,160673.05249999964,321346.1049999993,15.5,14,1,0.3594151,0.0496498
0.0496498,144988.1935,174677.46800000005,115298.91899999992,29689.274500000065,59378.54900000013,15.0,15,1,0.1235817,0.0603273
0.0603273,176168.88100000008,214793.301,137544.46100000016,38624.419999999925,77248.83999999985,15.5,16,1,0.0496498,0.3547572
0.3547572,1035967.6685000013,1140452.3660000009,931482.9710000019,104484.69749999947,208969.39499999897,16.5,17,1,0.0603273,0.1095171
0.1095171,256325.4279999997,283887.58799999976,228763.26799999963,27562.16000000006,55124.32000000012,18.25,18,1,0.3547572,0.1537514
0.1537514,243761.06949999998,291896.5329999998,195625.60600000015,48135.46349999984,96270.92699999968,19.0,19,1,0.1095171,0.1774015
0.1774015,387244.10599999956,415944.22699999926,358543.9849999998,28700.120999999723,57400.241999999445,19.5,20,1,0.1537514,0.4007304
0.4007304,941375.8269999998,1468313.0039999993,414438.6500000004,526937.1769999994,1053874.353999999,21.5,21,1,0.1774015,0.5018826
0.2177789,284947.41499999963,330741.92199999926,239152.90800000002,45794.50699999962,91589.01399999924,22.5,6,1,0.124937,0.1662989
0.1662989,399780.32499999995,522888.81499999977,276671.83500000014,123108.48999999982,246216.97999999963,20.0,7,1,0.2177789,0.1482857
0.1482857,356476.80799999996,421686.2939999998,291267.3220000001,65209.48599999986,130418.97199999972,18.25,8,1,0.1662989,0.0734656
0.0734656,176610.2059999997,205240.19499999966,147980.21699999977,28629.988999999943,57259.97799999989,18.5,9,1,0.1482857,0.0971644
0.0971644,200640.1459999999,227996.51499999998,173283.77699999983,27356.36900000008,54712.73800000016,18.0,10,1,0.0734656,0.061364
0.061364,126713.90199999986,139664.15999999977,113763.64399999994,12950.257999999914,25900.51599999983,17.0,11,1,0.0971644,0.0921297
0.0921297,190243.76549999998,203042.852,177444.67899999995,12799.086500000034,25598.173000000068,17.0,12,1,0.061364,0.0568374
0.0568374,132334.09649999996,136851.88099999994,127816.31199999996,4517.784499999987,9035.568999999974,17.0,13,1,0.0921297,0.075989
0.075989,176924.80549999993,229545.92999999993,124303.68099999991,52621.12450000001,105242.24900000003,15.0,14,1,0.0568374,0.0472672
0.0472672,138030.51199999993,161261.1149999999,114799.90899999993,23230.60299999999,46461.20599999998,15.5,15,1,0.075989,0.0579377
0.0579377,169190.68749999994,204167.17899999995,134214.19599999997,34976.49149999999,69952.98299999998,14.0,16,1,0.0472672,0.0530981
0.0530981,155057.99649999995,176379.94300000014,133736.04999999973,21321.94650000021,42643.89300000042,13.5,17,1,0.0579377,0.0696089
0.0696089,162920.05000000005,186793.4300000001,139046.66999999995,23873.380000000077,47746.760000000155,16.5,18,1,0.0530981,0.1245584
0.1245584,197477.81800000014,220523.40500000014,174432.23100000015,23045.587,46091.174,19.0,19,1,0.0696089,0.0569283
0.0569283,124267.07049999993,132978.378,115555.76299999986,8711.307500000068,17422.615000000136,21.0,20,1,0.1245584,0.1959724
0.1959724,460368.47250000015,558435.5750000002,362301.3700000001,98067.10250000004,196134.20500000007,23.0,21,1,0.0569283,0.1029136
0.1640363,214629.26499999996,301676.24700000015,127582.28299999975,87046.98200000021,174093.9640000004,24.5,6,1,0.1204392,0.0745502
0.0745502,179217.57300000003,235676.50600000002,122758.64000000007,56458.932999999975,112917.86599999995,22.0,7,1,0.1640363,0.1037562
0.1037562,249428.60100000008,283457.50800000015,215399.69400000005,34028.90700000005,68057.8140000001,20.5,8,1,0.0745502,0.0786357
0.0786357,189039.16550000006,222653.6320000001,155424.699,33614.46650000005,67228.9330000001,20.0,9,1,0.1037562,0.098712
0.098712,203835.9714999997,216296.19099999967,191375.75199999975,12460.219499999963,24920.438999999926,19.0,10,1,0.0786357,0.0576404
0.0576404,119024.91000000003,121358.06699999998,116691.75300000007,2333.1569999999556,4666.313999999911,18.4,11,1,0.098712,0.1215558
0.1215558,251007.44700000004,294933.55500000017,207081.3389999999,43926.10800000014,87852.21600000028,17.6,12,1,0.0576404,0.14109
0.14109,328499.1305000001,331994.04900000006,325004.2120000001,3494.9184999999707,6989.836999999941,17.0,13,1,0.1215558,0.13754
0.13754,320233.5205000001,410495.1190000003,229971.92199999987,90261.59850000021,180523.19700000042,15.5,14,1,0.14109,0.0580117
0.0580117,169406.60499999963,187498.94199999946,151314.26799999984,18092.33699999981,36184.67399999962,15.5,15,1,0.13754,0.0654518
0.0654518,191133.2614999999,238711.2559999998,143555.267,47577.9944999999,95155.9889999998,14.5,16,1,0.0580117,0.3429706
0.3429706,1001548.2950000014,1554100.3350000028,448996.2550000002,552552.0400000012,1105104.0800000026,14.0,17,1,0.0654518,0.1022656
0.1022656,239353.21099999984,267871.498,210834.92399999968,28518.28700000017,57036.57400000034,16.0,18,1,0.3429706,0.0938201
0.0938201,146016.1385,153435.62000000008,138596.65699999995,7419.481500000067,14838.963000000134,19.0,19,1,0.1022656,0.1748602
0.1748602,381696.8770000005,471342.5870000013,292051.1669999997,89645.71000000078,179291.42000000156,22.0,20,1,0.0938201,0.1813
0.1813,425900.8515000001,467557.61900000036,384244.08399999986,41656.76750000025,83313.5350000005,24.0,21,1,0.1748602,0.7111869
0.1235655,161676.26850000006,196730.1510000001,126622.38600000003,35053.882500000036,70107.76500000007,29.0,6,1,0.1614026,0.1413443
0.1413443,339789.6635000001,355789.24200000014,323790.085,15999.578500000061,31999.157000000123,26.0,7,1,0.1235655,0.2116355
0.2116355,508768.84150000074,666370.7310000006,351166.95200000086,157601.88949999987,315203.77899999975,26.0,8,1,0.1413443,0.1074809
0.1074809,258382.53350000034,269108.9520000001,247656.11500000057,10726.418499999767,21452.836999999534,25.0,9,1,0.2116355,0.0666511
0.0666511,137631.6535,161545.58399999997,113717.72299999998,23913.930499999995,47827.86099999999,22.0,10,1,0.1074809,0.0799168
0.0799168,165024.76400000005,206505.23899999988,123544.28900000024,41480.474999999824,82960.94999999965,20.5,11,1,0.0666511,0.3189457
0.3189457,658608.7225,759979.1359999995,557238.3090000006,101370.41349999944,202740.82699999888,19.357142857142858,12,1,0.0799168,0.4279868
0.4279868,996479.3130000007,1434410.8310000012,558547.7950000002,437931.5180000005,875863.036000001,18.5,13,1,0.3189457,0.5404721
0.5404721,1258378.340999999,1411484.9709999973,1105271.7110000006,153106.62999999837,306213.25999999675,17.642857142857146,14,1,0.4279868,0.2046899
0.2046899,597738.7389999994,611233.4619999995,584244.0159999994,13494.723000000056,26989.446000000113,16.0,15,1,0.5404721,0.0632809
0.0632809,184794.04899999994,213913.1949999999,155674.90300000002,29119.145999999935,58238.29199999987,17.5,16,1,0.2046899,0.191793
0.191793,560076.8910000008,646147.6250000012,474006.15700000024,86070.73400000046,172141.46800000092,17.0,17,1,0.0632809,0.1502286
0.1502286,351610.8685000001,548889.8270000002,154331.91000000006,197278.95850000004,394557.91700000013,16.5,18,1,0.191793,1.0
1.0,1556341.2310000004,2362039.374,750643.0880000008,805698.1429999996,1611396.285999999,16.0,19,1,0.1502286,0.0940437
0.0940437,205285.0365,223625.42799999993,186944.64500000005,18340.39149999994,36680.78299999988,16.0,20,1,1.0,0.0686928
0.0686928,161369.6724999999,200713.8619999998,122025.48300000002,39344.189499999884,78688.37899999977,16.75,21,1,0.0940437,0.5819551
0.1046365,136909.09750000003,144056.26600000024,129761.92899999983,7147.1685000002035,14294.337000000407,21.5,6,1,0.1415312,0.18254
0.18254,438823.59600000014,686353.7420000003,191293.45,247530.14600000015,495060.2920000003,20.5,7,1,0.1046365,0.1385243
0.1385243,333010.51750000037,386556.7040000002,279464.33100000053,53546.186499999836,107092.37299999967,19.25,8,1,0.18254,0.5641003
0.5641003,1356089.340999999,1464455.3859999995,1247723.2959999985,108366.04500000051,216732.09000000102,16.5,9,1,0.1385243,0.0868297
0.0868297,179299.60450000002,205051.34600000014,153547.86299999987,25751.741500000135,51503.48300000027,16.0,10,1,0.5641003,0.0767518
0.0767518,158489.18799999973,168703.55399999954,148274.8219999999,10214.36599999982,20428.73199999964,15.0,11,1,0.0868297,0.1553643
0.1553643,320820.3645000003,496370.7740000007,145269.955,175550.40950000036,351100.8190000007,15.0,12,1,0.0767518,0.2412738
0.2412738,561756.3650000001,645058.7200000001,478454.01000000007,83302.35500000001,166604.71000000002,14.8,13,1,0.1553643,0.4703853
0.4703853,1095195.4724999988,1553375.5599999973,637015.3850000002,458180.0874999985,916360.174999997,14.0,14,1,0.2412738,0.1115354
0.1115354,325707.5084999999,478615.278,172799.73899999983,152907.76950000008,305815.53900000016,14.7,15,1,0.4703853,0.0605911
0.0605911,176938.9829999998,217158.5429999999,136719.42299999972,40219.560000000085,80439.12000000017,13.0,16,1,0.1115354,0.209121
0.209121,610678.4780000002,990236.511,231120.44500000039,379558.0329999998,759116.0659999996,12.0,17,1,0.0605911,0.2525273
0.2525273,591041.765499999,947615.1449999982,234468.386,356573.37949999905,713146.7589999982,13.0,18,1,0.209121,0.3117859
0.3117859,485245.2465000002,775106.5160000002,195383.9770000002,289861.2695,579722.539,13.5,19,1,0.2525273,0.2170815
0.2170815,473860.44650000025,723936.2180000002,223784.67500000025,250075.77149999997,500151.54299999995,16.0,20,1,0.3117859,0.7952947
0.7952947,1868266.5784999998,1933387.5530000003,1803145.6039999991,65120.97450000059,130241.94900000119,17.5,21,1,0.2170815,0.4266382
0.334264,437359.5639999993,649469.9199999986,225249.208,212110.3559999993,424220.71199999866,26.0,6,1,0.4397284,0.074673
0.074673,179512.7589999999,208007.185,151018.33299999984,28494.42600000008,56988.85200000016,25.5,7,1,0.334264,0.1000004
0.1000004,240399.6290000002,265541.88500000024,215257.37300000014,25142.256000000052,50284.512000000104,23.0,8,1,0.074673,0.0970685
0.0970685,233351.46600000013,290439.158,176263.77400000027,57087.691999999864,114175.38399999973,19.5,9,1,0.1000004,0.0614377
0.0614377,126866.11249999997,130503.28299999991,123228.94200000004,3637.1704999999347,7274.340999999869,18.5,10,1,0.0970685,0.1020716
0.1020716,210773.31450000004,212566.09999999995,208980.5290000001,1792.7854999999254,3585.5709999998508,16.5,11,1,0.0614377,0.0617017
0.0617017,127411.19199999994,127968.49899999994,126853.88499999994,557.3070000000007,1114.6140000000014,16.5,12,1,0.1020716,0.1678377
0.1678377,390775.53850000066,521763.58100000094,259787.49600000036,130988.04250000029,261976.08500000057,14.833333333333332,13,1,0.0617017,0.0930882
0.0930882,216736.76049999997,219977.19199999995,213496.32900000003,3240.4314999999624,6480.862999999925,14.166666666666668,14,1,0.1678377,0.0678805
0.0678805,198225.85150000028,222974.7370000005,173476.96600000004,24748.885500000222,49497.771000000444,14.25,15,1,0.0930882,0.0610822
0.0610822,178373.28350000002,209000.85800000004,147745.709,30627.574500000017,61255.149000000034,16.0,16,1,0.0678805,0.0520218
0.0520218,151914.9454999999,160848.68999999992,142981.2009999999,8933.7445,17867.489,13.5,17,1,0.0610822,0.0839092
0.0839092,196390.03850000008,218997.23099999988,173782.84600000028,22607.1924999998,45214.3849999996,13.0,18,1,0.0520218,0.0843484
0.0843484,131274.95150000008,135834.95400000009,126714.94900000011,4560.002499999988,9120.004999999976,13.5,19,1,0.0839092,0.1086818
0.1086818,237238.1650000001,265814.91999999987,208661.41000000032,28576.754999999772,57153.509999999544,15.5,20,1,0.0843484,0.2312688
0.2312688,543285.1060000004,555918.3690000006,530651.8430000001,12633.263000000268,25266.526000000536,19.0,21,1,0.1086818,0.1355867
0.3785726,494259.8889999994,848277.4969999988,140242.28100000002,354017.60799999937,708035.2159999989,29.75,6,1,1.0,0.0995682
0.0995682,239360.66250000027,266957.22700000036,211764.0980000002,27596.56450000008,55193.12900000016,29.0,7,1,0.3785726,0.1604609
0.1604609,385745.7679999997,410729.6329999994,360761.90299999993,24983.86499999973,49967.72999999946,28.0,8,1,0.0995682,0.1625887
0.1625887,390861.10600000026,401144.0900000003,380578.12200000015,10282.984000000084,20565.968000000168,23.0,9,1,0.1604609,0.8071968
0.8071968,1376975.3455000017,1408777.5030000021,1345173.188000001,31802.157500000554,63604.31500000111,20.0,10,1,0.1625887,0.4794045
0.4794045,817803.3100000012,1457280.3960000025,178326.22399999996,639477.0860000013,1278954.1720000026,18.5,11,1,0.8071968,0.1071249
0.1071249,182741.48299999972,224989.13299999957,140493.83299999987,42247.64999999985,84495.2999999997,18.0,12,1,0.4794045,0.0550234
0.0550234,128110.70150000001,133900.97600000005,122320.42699999997,5790.274500000043,11580.549000000086,15.928571428571429,13,1,0.1071249,0.0913955
0.0913955,212795.61750000008,215098.90300000002,210492.33200000014,2303.28549999994,4606.57099999988,15.642857142857142,14,1,0.0550234,0.0903093
0.0903093,263722.5395000001,365162.68400000036,162282.39499999981,101440.14450000027,202880.28900000054,15.357142857142858,15,1,0.0913955,0.0659615
0.0659615,192621.78449999998,240792.75499999992,144450.81400000004,48170.97049999994,96341.94099999988,16.57142857142857,16,1,0.0903093,0.0617707
0.0617707,180383.75299999997,216913.52199999982,143853.98400000008,36529.76899999987,73059.53799999974,15.0,17,1,0.0659615,0.0709772
0.0709772,166122.66199999995,191956.15999999995,140289.16399999993,25833.498000000007,51666.996000000014,14.0,18,1,0.0617707,0.1275318
0.1275318,198482.97449999984,225869.72299999982,171096.22599999985,27386.748499999987,54773.496999999974,14.0,19,1,0.0709772,0.1394013
0.1394013,260438.83550000004,283911.82799999986,236965.8430000002,23472.992499999833,46945.984999999666,15.5,20,1,0.1275318,0.2912611
0.2912611,544153.3895000002,574602.557,513704.2220000003,30449.167499999865,60898.33499999973,19.0,21,1,0.1394013,0.2137173
0.2469602,322428.26100000006,440411.6410000002,204444.88099999988,117983.38000000015,235966.7600000003,32.5,6,1,0.8791893,0.5430929
0.5430929,1305588.0405000015,2352477.366000003,258698.7149999999,1046889.3255000017,2093778.6510000033,31.0,7,1,0.2469602,0.2066692
0.2066692,496829.8910000004,502457.9070000009,491201.8749999999,5628.016000000498,11256.032000000996,30.5,8,1,0.5430929,0.0937373
0.0937373,225343.1709999996,227522.66799999992,223163.67399999927,2179.497000000323,4358.994000000646,26.5,9,1,0.2066692,0.10142
0.10142,173009.71150000015,203164.6650000001,142854.75800000018,30154.95349999996,60309.90699999992,22.5,10,1,0.0937373,0.0759315
0.0759315,129529.49049999983,140601.3639999996,118457.61700000006,11071.873499999769,22143.746999999537,20.5,11,1,0.10142,0.1208906
0.1208906,206223.9905000002,224813.52800000025,187634.4530000001,18589.53750000008,37179.07500000016,20.0,12,1,0.0759315,0.0567042
0.0567042,132024.03300000002,132742.11499999987,131305.95100000018,718.0819999998494,1436.1639999996987,19.0,13,1,0.1208906,0.2368506
0.2368506,551458.0350000004,665697.6669999993,437218.4030000014,114239.63199999896,228479.26399999793,18.0,14,1,0.0567042,0.1201688
0.1201688,350918.89599999995,493043.2439999999,208794.54799999995,142124.34799999997,284248.69599999994,18.299999999999997,15,1,0.2368506,0.0557813
0.0557813,162893.3785,187606.14500000016,138180.61199999985,24712.766500000158,49425.533000000316,18.700000000000003,16,1,0.1201688,0.0663543
0.0663543,193768.93749999994,231248.64600000007,156289.22899999982,37479.708500000124,74959.41700000025,19.0,17,1,0.0557813,0.0938184
0.0938184,219582.5035,227173.9039999997,211991.10300000026,7591.400499999712,15182.800999999425,18.5,18,1,0.0663543,0.1236026
0.1236026,192367.8770000001,203957.03700000016,180778.71700000003,11589.160000000062,23178.320000000123,18.0,19,1,0.0938184,0.3131409
0.3131409,585030.6545000006,723649.9170000001,446411.3920000013,138619.26249999943,277238.52499999886,18.0,20,1,0.1236026,0.6620481
0.6620481,1236882.258,1790284.4540000001,683480.0619999996,553402.1960000003,1106804.3920000005,21.5,21,1,0.3131409,0.5507028
0.4843431,632352.6229999997,772222.7929999996,492482.45299999986,139870.16999999987,279740.33999999973,32.5,6,1,0.984434,0.2583962
0.2583962,621180.8729999999,836572.8,405788.9459999999,215391.92700000008,430783.85400000017,30.5,7,1,0.4843431,0.3680206
0.3680206,884716.5694999994,1360291.3969999985,409141.7420000004,475574.8274999991,951149.6549999982,28.0,8,1,0.2583962,0.1652895
0.1652895,397353.7774999997,563043.5909999994,231663.96399999992,165689.81349999976,331379.6269999995,26.5,9,1,0.3680206,0.164213
0.164213,280126.53450000024,308966.76900000003,251286.30000000042,28840.234499999802,57680.468999999604,21.0,10,1,0.1652895,0.3565381
0.3565381,608208.8535000007,985418.3100000018,230999.39699999956,377209.45650000114,754418.9130000023,20.0,11,1,0.164213,0.1707066
0.1707066,291203.86699999997,318653.76900000015,263753.9649999998,27449.902000000176,54899.80400000035,19.0,12,1,0.3565381,0.0917339
0.0917339,213583.59699999995,217737.74099999998,209429.45299999992,4154.144000000029,8308.288000000059,18.5,13,1,0.1707066,0.0726824
0.0726824,169226.0235000001,198451.19100000022,140000.85599999997,29225.167500000127,58450.335000000254,18.5,14,1,0.0917339,0.0623753
0.0623753,182149.40249999994,207655.04599999986,156643.75900000002,25505.64349999992,51011.28699999984,17.75,15,1,0.0726824,0.0594309
0.0594309,173551.18300000016,205552.42000000013,141549.9460000002,32001.236999999965,64002.47399999993,17.416666666666664,16,1,0.0623753,0.2555721
0.2555721,746325.6755000016,1375744.6500000032,116906.70100000007,629418.9745000015,1258837.949000003,18.583333333333336,17,1,0.0594309,0.0768597
0.0768597,179890.55500000005,224053.35800000004,135727.75200000004,44162.803,88325.606,17.0,18,1,0.2555721,0.1372176
0.1372176,213557.4114999998,289335.7089999998,137779.11399999983,75778.29749999999,151556.59499999997,17.0,19,1,0.0768597,0.4241586
0.4241586,792441.3809999987,1374077.271999997,210805.49000000028,581635.8909999984,1163271.7819999969,16.5,20,1,0.1372176,0.3407068
0.3407068,636531.1445000015,648405.2320000016,624657.0570000013,11874.08750000014,23748.17500000028,18.5,21,1,0.4241586,0.099115
0.3155031,411917.0919999995,612825.650999999,211008.53299999994,200908.55899999954,401817.1179999991,31.0,6,1,0.1879065,0.1497976
0.1497976,360111.4994999999,477970.04799999984,242252.95099999994,117858.54849999995,235717.0969999999,30.0,7,1,0.3155031,0.1729885
0.1729885,415861.98650000023,441676.3360000001,390047.6370000004,25814.349499999866,51628.69899999973,30.0,8,1,0.1497976,0.1998165
0.1998165,480356.0575000006,702276.290000001,258435.82500000022,221920.2325000004,443840.4650000008,28.0,9,1,0.1729885,0.0348363
0.0348363,119488.73800000001,121020.33799999987,117957.13800000014,1531.5999999998676,3063.199999999735,25.5,10,1,0.1998165,0.0594042
0.0594042,203756.79100000003,217358.43499999994,190155.14700000014,13601.643999999898,27203.287999999797,23.5,11,1,0.0348363,0.0364851
0.0364851,125144.21949999986,132339.93999999983,117948.49899999991,7195.720499999959,14391.440999999919,22.0,12,1,0.0594042,0.1182904
0.1182904,305800.1959999997,452571.11699999997,159029.27499999947,146770.92100000026,293541.8420000005,21.5,13,1,0.0364851,0.1495806
0.1495806,386690.58349999983,424351.55099999974,349029.61599999986,37660.96749999994,75321.93499999988,21.5,14,1,0.1182904,0.0619665
0.0619665,180955.46250000002,239391.76500000016,122519.1599999999,58436.30250000013,116872.60500000026,21.5,15,1,0.1495806,0.0515088
0.0515088,150416.90599999976,163052.24099999946,137781.57100000005,12635.3349999997,25270.6699999994,20.700000000000003,16,1,0.0619665,0.3808026
0.3808026,1112025.9030000016,1837918.5530000024,386133.25300000067,725892.6500000008,1451785.3000000017,20.299999999999997,17,1,0.0515088,0.1074546
0.1074546,288243.7965000002,325143.06699999986,251344.52600000045,36899.27049999971,73798.54099999942,20.0,18,1,0.3808026,0.1175035
0.1175035,182875.48800000027,234908.4790000005,130842.49700000005,52032.99100000022,104065.98200000044,18.0,19,1,0.1074546,0.1042882
0.1042882,213169.81,213478.14600000042,212861.4739999996,308.33600000040315,616.6720000008063,17.5,20,1,0.1175035,0.31061
0.31061,890838.2729999996,1112228.2590000003,669448.2869999988,221389.98600000073,442779.97200000146,17.5,21,1,0.1042882,0.4861947
0.1621361,211682.97199999978,251705.09299999985,171660.85099999967,40022.12100000009,80044.24200000017,25.0,6,1,0.1221226,0.3495483
0.3495483,535498.2989999998,654546.5669999995,416450.03100000013,119048.26799999966,238096.53599999932,27.0,7,1,0.1621361,0.3834737
0.3834737,587470.9979999994,825977.8479999998,348964.1479999992,238506.8500000003,477013.7000000006,27.0,8,1,0.3495483,0.1797176
0.1797176,429633.15550000005,608031.7889999999,251234.52200000023,178398.63349999982,356797.26699999964,26.0,9,1,0.3834737,0.1229712
0.1229712,421792.0155,507133.4480000003,336450.5829999997,85341.43250000032,170682.86500000063,23.5,10,1,0.1797176,0.2160937
0.2160937,741202.5045000007,951328.9880000012,531076.0210000002,210126.4835000005,420252.967000001,22.0,11,1,0.1229712,0.1126407
0.1126407,386358.1009999994,602932.770999999,169783.43099999978,216574.6699999996,433149.33999999927,21.5,12,1,0.2160937,0.4914621
0.4914621,1270511.0670000021,1640300.6420000035,900721.4920000009,369789.5750000013,739579.1500000026,22.0,13,1,0.1126407,0.9006364
0.9006364,2328294.518500001,2460273.6920000017,2196315.3450000007,131979.1735000005,263958.347000001,19.5,14,1,0.4914621,0.3655486
0.3655486,1067480.8580000012,1363405.9550000022,771555.7610000002,295925.097000001,591850.194000002,18.0,15,1,0.9006364,1.0
1.0,2920216.171,3375096.804999998,2465335.537000002,454880.633999998,909761.267999996,18.0,16,1,0.3655486,0.8014839
0.8014839,2340506.2699999996,2699538.440999998,1981474.099000001,359032.17099999834,718064.3419999967,18.0,17,1,1.0,0.2769012
0.2769012,742779.149999999,1046973.793999998,438584.50600000005,304194.643999999,608389.287999998,20.5,18,1,0.8014839,0.1088158
0.1088158,169706.04700000005,197532.09200000018,141880.00199999992,27826.04500000013,55652.09000000026,17.5,19,1,0.2769012,0.1694168
0.1694168,448906.01049999986,475987.6400000002,421824.3809999996,27081.6295000003,54163.2590000006,17.0,20,1,0.1088158,0.1702447
0.1702447,488266.6479999998,518960.7230000002,457572.5729999994,30694.07500000039,61388.15000000078,17.0,21,1,0.1694168,0.6283176
0.1247367,162854.69499999995,203436.02599999995,122273.36399999994,40581.331000000006,81162.66200000001,23.0,6,1,0.526232,0.2335567
0.2335567,357802.2709999994,476487.04199999914,239117.49999999974,118684.7709999997,237369.5419999994,22.0,7,1,0.1247367,0.2233325
0.2233325,342139.0800000004,377581.88100000034,306696.2790000005,35442.80099999992,70885.60199999984,21.0,8,1,0.2335567,0.1381179
0.1381179,330184.83200000075,398577.52800000116,261792.1360000003,68392.69600000043,136785.39200000087,20.0,9,1,0.2233325,0.1058037
0.1058037,362907.19649999985,396912.9250000001,328901.46799999964,34005.72850000023,68011.45700000046,19.5,10,1,0.1381179,0.4627746
0.4627746,1587319.497,2931303.2069999995,243335.78700000036,1343983.7099999995,2687967.419999999,19.0,11,1,0.1058037,0.0854317
0.0854317,293031.0869999998,348538.011,237524.16299999968,55506.92400000016,111013.84800000032,18.5,12,1,0.4627746,0.0879579
0.0879579,227385.67949999977,268427.5129999998,186343.84599999973,41041.83350000004,82083.66700000007,18.0,13,1,0.0854317,0.072008
0.072008,186152.6194999999,245857.2929999999,126447.94599999994,59704.673499999975,119409.34699999995,18.0,14,1,0.0879579,0.0825165
0.0825165,240966.05750000017,313263.2010000002,168668.9140000002,72297.14349999999,144594.28699999998,18.0,15,1,0.072008,0.1030023
0.1030023,300788.9115000003,360442.4240000005,241135.399,59653.51250000026,119307.02500000052,18.0,16,1,0.0825165,0.0891625
0.0891625,260373.89299999992,281174.5370000002,239573.24899999966,20800.644000000262,41601.288000000524,18.0,17,1,0.1030023,0.2255951
0.2255951,605152.1499999994,934578.5079999994,275725.7919999995,329426.358,658852.716,18.0,18,1,0.0891625,0.2282259
0.2282259,355934.7954999994,372609.9339999996,339259.6569999992,16675.138500000205,33350.27700000041,21.0,19,1,0.2255951,0.2041379
0.2041379,540906.904,765374.9429999996,316438.8650000003,224468.03899999967,448936.07799999934,18.5,20,1,0.2282259,0.4859542
0.4859542,1393730.5820000004,1419247.4550000005,1368213.709,25516.873000000254,51033.74600000051,18.0,21,1,0.2041379,0.3043446
